{
    "$schema": "https://schema.management.azure.com/schemas/2015-01-01/deploymentParameters.json#",
    "contentVersion": "1.0.0.0",
    "parameters": {
        "location": {
            "value": "eastus"
        },
        "managedInstanceName": {
            "value": "hdp-edc-dev-sqldb"
        },
        "skuName": {
            "value": "GP_Gen5"
        },
        "skuEdition": {
            "value": "GeneralPurpose"
        },
        "storageSizeInGB": {
            "value": 64
        },
        "vCores": {
            "value": 4
        },
        "licenseType": {
            "value": "LicenseIncluded"
        },
        "hardwareFamily": {
            "value": "Gen5"
        },
        "dnsZonePartner": {
            "value": ""
        },
        "collation": {
            "value": "SQL_Latin1_General_CP1_CI_AS"
        },
        "proxyOverride": {
            "value": "Redirect"
        },
        "minimalTlsVersion": {
            "value": "1.2"
        },
        "publicDataEndpointEnabled": {
            "value": false
        },
        "timezoneId": {
            "value": "UTC"
        },
        "nsgForPublicEndpoint": {
            "value": "allowFromAzureCloudTo3342NSG"
        },
        "managedInstanceTags": {
            "value": {
                "ENV": "DEV",
                "PROJECT": "EDC"
            }
        },
        "storageAccountType": {
            "value": "LRS"
        },
        "zoneRedundant": {
            "value": false
        },
        "deployInExistingSubnet": {
            "value": true
        },
        "virtualNetworkResourceGroupName": {
            "value": "hdp-network-eastus-dev-rg"
        },
        "virtualNetworkName": {
            "value": "10.134.122.0_23"
        },
        "subnetName": {
            "value": "hdp-edc-dev-snet-sql"
        },
        "identity": {
            "value": {
                "type": "SystemAssigned"
            }
        },
        "primaryUserAssignedIdentityId": {
            "value": ""
        },
        "maintenanceConfigurationId": {
            "value": "/subscriptions/dd19b834-04a0-419e-a41f-659229794569/providers/Microsoft.Maintenance/publicMaintenanceConfigurations/SQL_Default"
        },
        "administratorLogin": {
            "value": "az_admin"
        },
        "administratorLoginPassword": {
            "value": null
        }
    }
}